category,part_number,title,description
refrigerator,PS66814753,Refrigerator Door Gasket Magnet,Strong magnetic strip for door gasket attachment. Ensures secure seal.
dishwasher,PS75975068,Dishwasher Heating Element,Powerful heating element that dries dishes effectively. Energy-efficient design reduces operating costs.
dishwasher,PS92797515,Dishwasher Rack Guide,Smooth rack guide that ensures proper rack alignment. Easy to install.
dishwasher,PS73954227,Dishwasher Door Handle,Stylish door handle replacement for dishwasher. Available in various finishes.
dishwasher,PS36017647,Dishwasher Door Latch,Secure door latch that keeps dishwasher door closed during cycle. Safety feature prevents leaks.
refrigerator,PS79080394,Refrigerator Evaporator Fan Motor,Quiet and efficient evaporator fan motor for refrigerator cooling system. OEM replacement part.
dishwasher,PS17468995,Dishwasher Spray Nozzle,Precision spray nozzle that directs water flow. Ensures thorough cleaning coverage.
refrigerator,PS59202174,Refrigerator Drain Pan,Heavy-duty drain pan that collects condensation. Prevents water damage to floor.
refrigerator,PS17495729,Refrigerator Thermostat,Precision refrigerator thermostat that controls temperature accurately. Replacement part for various refrigerator models.
dishwasher,PS99221079,Dishwasher Detergent Dispenser,Automatic detergent dispenser that releases detergent at the right time. Reliable operation.
dishwasher,PS41445872,Dishwasher Circulation Pump,Quiet circulation pump that moves water throughout dishwasher. OEM quality replacement.
dishwasher,PS46292592,Dishwasher Door Gasket Seal,Flexible gasket seal that creates watertight closure. Prevents leaks and water damage.
refrigerator,PS52646541,Refrigerator Door Gasket Magnet,Strong magnetic strip for door gasket attachment. Ensures secure seal.
dishwasher,PS90406872,Dishwasher Drain Pump,Efficient drain pump that removes water after cycle. Prevents standing water and odors.
dishwasher,PS13378694,Dishwasher Door Gasket Seal,Flexible gasket seal that creates watertight closure. Prevents leaks and water damage.
dishwasher,PS21296701,Dishwasher Door Hinge,Durable door hinge that ensures smooth door operation. Reinforced design.
refrigerator,PS24091647,Refrigerator Door Hinge,Durable door hinge that ensures smooth door operation. Reinforced design for long-lasting use.
dishwasher,PS87566433,Dishwasher Door Switch,Magnetic door switch that prevents operation when door is open. Safety feature.
refrigerator,PS69001134,Refrigerator Door Bin,Organized door bin for storing condiments and beverages. Easy to remove for cleaning.
refrigerator,PS10986023,Refrigerator Light Bulb,LED refrigerator light bulb that provides bright illumination. Energy-efficient and long-lasting.
dishwasher,PS86340919,Dishwasher Float Switch,Float switch that monitors water level. Prevents overfilling and protects dishwasher.
refrigerator,PS86006993,Refrigerator Door Seal,Flexible door seal that creates airtight closure. Prevents energy waste and maintains temperature.
dishwasher,PS47223149,Dishwasher Door Hinge,Durable door hinge that ensures smooth door operation. Reinforced design.
dishwasher,PS45167719,Dishwasher Door Gasket Seal,Flexible gasket seal that creates watertight closure. Prevents leaks and water damage.
dishwasher,PS27617246,Dishwasher Rack Guide,Smooth rack guide that ensures proper rack alignment. Easy to install.
refrigerator,PS73972172,Refrigerator Condenser Fan Blade,Efficient condenser fan blade that improves air circulation. Reduces energy consumption.
refrigerator,PS38621147,Refrigerator Door Gasket Magnet,Strong magnetic strip for door gasket attachment. Ensures secure seal.
refrigerator,PS54932358,Refrigerator Door Hinge,Durable door hinge that ensures smooth door operation. Reinforced design for long-lasting use.
refrigerator,PS35670033,Refrigerator Door Bin,Organized door bin for storing condiments and beverages. Easy to remove for cleaning.
refrigerator,PS64779326,Refrigerator Control Board,Advanced control board that manages refrigerator functions. OEM replacement with full compatibility.
refrigerator,PS26970160,Refrigerator Door Seal,Flexible door seal that creates airtight closure. Prevents energy waste and maintains temperature.
dishwasher,PS78989087,Dishwasher Door Latch,Secure door latch that keeps dishwasher door closed during cycle. Safety feature prevents leaks.
refrigerator,PS71804325,Refrigerator Defrost Timer,Automatic defrost timer that cycles defrost mode. Compatible with multiple refrigerator brands.
dishwasher,PS54370086,Dishwasher Lower Spray Arm,Efficient lower spray arm that distributes water evenly. Ensures thorough cleaning of dishes.
refrigerator,PS67385628,Refrigerator Door Hinge,Durable door hinge that ensures smooth door operation. Reinforced design for long-lasting use.
refrigerator,PS88728030,Refrigerator Door Shelf,Spacious refrigerator door shelf for organizing food items. Adjustable and easy to clean.
dishwasher,PS89357188,Dishwasher Door Gasket Seal,Flexible gasket seal that creates watertight closure. Prevents leaks and water damage.
refrigerator,PS91146477,Refrigerator Light Socket,Standard light socket for refrigerator interior lighting. Compatible with LED and incandescent bulbs.
dishwasher,PS29610420,Dishwasher Rinse Aid Dispenser,Automatic rinse aid dispenser that improves drying. Reduces water spots on dishes.
refrigerator,PS44838199,Refrigerator Thermistor,Precise thermistor that monitors temperature changes. Critical component for temperature control.
refrigerator,PS93798794,Refrigerator Ice Maker Assembly,Complete ice maker assembly with all necessary components. Easy installation with included instructions.
refrigerator,PS54257787,Refrigerator Drain Pan,Heavy-duty drain pan that collects condensation. Prevents water damage to floor.
refrigerator,PS74806883,Refrigerator Door Shelf,Spacious refrigerator door shelf for organizing food items. Adjustable and easy to clean.
refrigerator,PS86767900,Refrigerator Shelf Support,Adjustable shelf support brackets for customizing refrigerator storage space. Easy to install.
refrigerator,PS91531584,Refrigerator Temperature Sensor,Accurate temperature sensor that monitors refrigerator temperature. Essential for proper cooling.
dishwasher,PS30401524,Dishwasher Detergent Dispenser,Automatic detergent dispenser that releases detergent at the right time. Reliable operation.
dishwasher,PS99083623,Dishwasher Circulation Pump,Quiet circulation pump that moves water throughout dishwasher. OEM quality replacement.
dishwasher,PS76502132,Dishwasher Water Level Switch,Precise water level switch that monitors fill level. Essential for proper operation.
dishwasher,PS92394778,Dishwasher Rack Guide,Smooth rack guide that ensures proper rack alignment. Easy to install.
dishwasher,PS57273617,Dishwasher Control Board,Advanced control board that manages dishwasher functions. Programmable settings for customized cleaning.
